{"cameraMode":{"drawMode":0,"name":"Shaded","section":"Shading Mode"},"sceneLighting":true,"audioPlay":false,"sceneViewState":{"showFog":true,"showMaterialUpdate":false,"showSkybox":true,"showFlares":true,"showImageEffects":true,"showParticleSystems":true},"in2DMode":false,"pivot":{"x":-0.7376441955566406,"y":-1.6864900588989258,"z":1.443281650543213},"rotation":{"x":-0.10747548937797547,"y":0.5332273840904236,"z":-0.0685264989733696,"w":-0.8363233804702759},"size":22.0,"orthographic":false}