{"cameraMode":{"drawMode":0,"name":"Shaded","section":"Shading Mode"},"sceneLighting":false,"audioPlay":false,"sceneViewState":{"showFog":true,"showMaterialUpdate":false,"showSkybox":false,"showFlares":true,"showImageEffects":true,"showParticleSystems":true},"in2DMode":false,"pivot":{"x":229.4131622314453,"y":116.5739517211914,"z":-3.12738037109375},"rotation":{"x":0.0048072971403598789,"y":-0.018002614378929139,"z":0.00008655804413137957,"w":0.9998279809951782},"size":303.33026123046877,"orthographic":false}